13C9EAE3-B6F2-48B1-B733-40FFCED09BB4#appfire#CurrencyService#appfire#mineproj.app.server.service.CurrencyService#appfire#{"resourceMapping":"/Currency","defaultMethodType":"","defaultContentType":""}#appfire#{"repository":{"fileName":"CurrencyService.java","filePath":"mineproj/src/main/java/mineproj/app/server/service/CurrencyService.java"},"implementInterface":[],"extendsClass":[],"repositories":[{"repository":{"fileName":"CurrencyRepositoryImpl.java","filePath":"mineproj/src/main/java/mineproj/app/server/repository/CurrencyRepositoryImpl.java"},"implementInterface":[{"fileName":"CurrencyRepository.java","filePath":"mineproj/src/main/java/mineproj/app/server/repository/CurrencyRepository.java"}],"extendsClass":[{"fileName":"SearchInterfaceImpl.java","filePath":"mineproj/src/main/java/mineproj/app/server/repository/SearchInterfaceImpl.java","isDisplay":false}],"entities":{"fileName":"Currency.java","filePath":"mineproj/src/main/java/mineproj/app/shared/location/Currency.java"}}]}#appfire#I#appfire#LA4IF7EAM31HVZ7VFOEC0G#appfire#EFB6696D-A332-4E61-9F38-2A01E4E690FE#appfire#1#appfire#\N#appfire#2015-12-20 03:28:36#appfire#\N#appfire#2015-12-20 03:28:36#appfire#1#appfire#1#appfire#F241CA5C-D59D-4FBD-9860-ADD58114199D
1475CD48-27BC-45D8-A43B-DFB206338D26#appfire#AppCustomerService#appfire#mineproj.app.server.service.AppCustomerService#appfire#{"resourceMapping":"/AppCustomer","defaultMethodType":"","defaultContentType":""}#appfire#{"repository":{"fileName":"AppCustomerService.java","filePath":"mineproj/src/main/java/mineproj/app/server/service/AppCustomerService.java"},"implementInterface":[],"extendsClass":[],"repositories":[{"repository":{"fileName":"AppCustomerRepositoryImpl.java","filePath":"mineproj/src/main/java/mineproj/app/server/repository/AppCustomerRepositoryImpl.java"},"implementInterface":[{"fileName":"AppCustomerRepository.java","filePath":"mineproj/src/main/java/mineproj/app/server/repository/AppCustomerRepository.java"}],"extendsClass":[{"fileName":"SearchInterfaceImpl.java","filePath":"mineproj/src/main/java/mineproj/app/server/repository/SearchInterfaceImpl.java","isDisplay":false}],"entities":{"fileName":"AppCustomer.java","filePath":"mineproj/src/main/java/mineproj/app/shared/customers/AppCustomer.java"}}]}#appfire#I#appfire#LA4IF7EAM31HVZ7VFOEC0G#appfire#EFB6696D-A332-4E61-9F38-2A01E4E690FE#appfire#1#appfire#\N#appfire#2015-12-20 03:29:12#appfire#\N#appfire#2015-12-20 03:29:12#appfire#1#appfire#1#appfire#755D7F18-60D0-419F-99E0-A38244ED0715
19BE5A2B-9391-4B2D-AACE-39887FBC9DD8#appfire#AddressService#appfire#mineproj.app.server.service.AddressService#appfire#{"resourceMapping":"/Address","defaultMethodType":"","defaultContentType":""}#appfire#{"repository":{"fileName":"AddressService.java","filePath":"mineproj/src/main/java/mineproj/app/server/service/AddressService.java"},"implementInterface":[],"extendsClass":[],"repositories":[{"repository":{"fileName":"AddressRepositoryImpl.java","filePath":"mineproj/src/main/java/mineproj/app/server/repository/AddressRepositoryImpl.java"},"implementInterface":[{"fileName":"AddressRepository.java","filePath":"mineproj/src/main/java/mineproj/app/server/repository/AddressRepository.java"}],"extendsClass":[{"fileName":"SearchInterfaceImpl.java","filePath":"mineproj/src/main/java/mineproj/app/server/repository/SearchInterfaceImpl.java","isDisplay":false}],"entities":{"fileName":"Address.java","filePath":"mineproj/src/main/java/mineproj/app/shared/location/Address.java"}}]}#appfire#I#appfire#LA4IF7EAM31HVZ7VFOEC0G#appfire#EFB6696D-A332-4E61-9F38-2A01E4E690FE#appfire#1#appfire#\N#appfire#2015-12-20 03:28:45#appfire#\N#appfire#2015-12-20 03:28:45#appfire#1#appfire#1#appfire#3DF93AD1-4ED2-4A6F-8988-9A1E0D6B71C2
1ED2F170-CA37-4D39-AE23-7403D6934C3E#appfire#PasswordAlgoService#appfire#mineproj.app.server.service.PasswordAlgoService#appfire#{"resourceMapping":"/PasswordAlgo","defaultMethodType":"","defaultContentType":""}#appfire#{"repository":{"fileName":"PasswordAlgoService.java","filePath":"mineproj/src/main/java/mineproj/app/server/service/PasswordAlgoService.java"},"implementInterface":[],"extendsClass":[],"repositories":[{"repository":{"fileName":"PasswordAlgoRepositoryImpl.java","filePath":"mineproj/src/main/java/mineproj/app/server/repository/PasswordAlgoRepositoryImpl.java"},"implementInterface":[{"fileName":"PasswordAlgoRepository.java","filePath":"mineproj/src/main/java/mineproj/app/server/repository/PasswordAlgoRepository.java"}],"extendsClass":[{"fileName":"SearchInterfaceImpl.java","filePath":"mineproj/src/main/java/mineproj/app/server/repository/SearchInterfaceImpl.java","isDisplay":false}],"entities":{"fileName":"PasswordAlgo.java","filePath":"mineproj/src/main/java/mineproj/app/shared/authentication/PasswordAlgo.java"}}]}#appfire#I#appfire#LA4IF7EAM31HVZ7VFOEC0G#appfire#EFB6696D-A332-4E61-9F38-2A01E4E690FE#appfire#1#appfire#\N#appfire#2015-12-20 03:28:54#appfire#\N#appfire#2015-12-20 03:28:54#appfire#1#appfire#1#appfire#4AA5F0FE-B0BE-43CE-98B2-39E507F55073
27173B40-C76A-48CC-93F5-AC653DA55B70#appfire#GenderService#appfire#mineproj.app.server.service.GenderService#appfire#{"resourceMapping":"/Gender","defaultMethodType":"","defaultContentType":""}#appfire#{"repository":{"fileName":"GenderService.java","filePath":"mineproj/src/main/java/mineproj/app/server/service/GenderService.java"},"implementInterface":[],"extendsClass":[],"repositories":[{"repository":{"fileName":"GenderRepositoryImpl.java","filePath":"mineproj/src/main/java/mineproj/app/server/repository/GenderRepositoryImpl.java"},"implementInterface":[{"fileName":"GenderRepository.java","filePath":"mineproj/src/main/java/mineproj/app/server/repository/GenderRepository.java"}],"extendsClass":[{"fileName":"SearchInterfaceImpl.java","filePath":"mineproj/src/main/java/mineproj/app/server/repository/SearchInterfaceImpl.java","isDisplay":false}],"entities":{"fileName":"Gender.java","filePath":"mineproj/src/main/java/mineproj/app/shared/contacts/Gender.java"}}]}#appfire#I#appfire#LA4IF7EAM31HVZ7VFOEC0G#appfire#EFB6696D-A332-4E61-9F38-2A01E4E690FE#appfire#1#appfire#\N#appfire#2015-12-20 03:28:49#appfire#\N#appfire#2015-12-20 03:28:49#appfire#1#appfire#1#appfire#467BBDCC-1473-4D7D-A1A5-B4FD5013A1F7
2F775D2F-5EE7-48F2-A1E3-A26C0C0411D6#appfire#CountryService#appfire#mineproj.app.server.service.CountryService#appfire#{"resourceMapping":"/Country","defaultMethodType":"","defaultContentType":""}#appfire#{"repository":{"fileName":"CountryService.java","filePath":"mineproj/src/main/java/mineproj/app/server/service/CountryService.java"},"implementInterface":[],"extendsClass":[],"repositories":[{"repository":{"fileName":"CountryRepositoryImpl.java","filePath":"mineproj/src/main/java/mineproj/app/server/repository/CountryRepositoryImpl.java"},"implementInterface":[{"fileName":"CountryRepository.java","filePath":"mineproj/src/main/java/mineproj/app/server/repository/CountryRepository.java"}],"extendsClass":[{"fileName":"SearchInterfaceImpl.java","filePath":"mineproj/src/main/java/mineproj/app/server/repository/SearchInterfaceImpl.java","isDisplay":false}],"entities":{"fileName":"Country.java","filePath":"mineproj/src/main/java/mineproj/app/shared/location/Country.java"}}]}#appfire#I#appfire#LA4IF7EAM31HVZ7VFOEC0G#appfire#EFB6696D-A332-4E61-9F38-2A01E4E690FE#appfire#1#appfire#\N#appfire#2015-12-20 03:28:36#appfire#\N#appfire#2015-12-20 03:28:36#appfire#1#appfire#1#appfire#BEBCFF8D-1399-4069-9483-B40A3E31D929
34A93E11-E467-4585-9801-88FB54212240#appfire#ContactTypeService#appfire#mineproj.app.server.service.ContactTypeService#appfire#{"resourceMapping":"/ContactType","defaultMethodType":"","defaultContentType":""}#appfire#{"repository":{"fileName":"ContactTypeService.java","filePath":"mineproj/src/main/java/mineproj/app/server/service/ContactTypeService.java"},"implementInterface":[],"extendsClass":[],"repositories":[{"repository":{"fileName":"ContactTypeRepositoryImpl.java","filePath":"mineproj/src/main/java/mineproj/app/server/repository/ContactTypeRepositoryImpl.java"},"implementInterface":[{"fileName":"ContactTypeRepository.java","filePath":"mineproj/src/main/java/mineproj/app/server/repository/ContactTypeRepository.java"}],"extendsClass":[{"fileName":"SearchInterfaceImpl.java","filePath":"mineproj/src/main/java/mineproj/app/server/repository/SearchInterfaceImpl.java","isDisplay":false}],"entities":{"fileName":"ContactType.java","filePath":"mineproj/src/main/java/mineproj/app/shared/contacts/ContactType.java"}}]}#appfire#I#appfire#LA4IF7EAM31HVZ7VFOEC0G#appfire#EFB6696D-A332-4E61-9F38-2A01E4E690FE#appfire#1#appfire#\N#appfire#2015-12-20 03:28:48#appfire#\N#appfire#2015-12-20 03:28:48#appfire#1#appfire#1#appfire#25A2BFDB-4D1A-46F9-898E-06128F0AD02D
3E88EC33-FA92-430D-A23A-9454EAFA06F3#appfire#UserAccessDomainService#appfire#mineproj.app.server.service.UserAccessDomainService#appfire#{"resourceMapping":"/UserAccessDomain","defaultMethodType":"","defaultContentType":""}#appfire#{"repository":{"fileName":"UserAccessDomainService.java","filePath":"mineproj/src/main/java/mineproj/app/server/service/UserAccessDomainService.java"},"implementInterface":[],"extendsClass":[],"repositories":[{"repository":{"fileName":"UserAccessDomainRepositoryImpl.java","filePath":"mineproj/src/main/java/mineproj/app/server/repository/UserAccessDomainRepositoryImpl.java"},"implementInterface":[{"fileName":"UserAccessDomainRepository.java","filePath":"mineproj/src/main/java/mineproj/app/server/repository/UserAccessDomainRepository.java"}],"extendsClass":[{"fileName":"SearchInterfaceImpl.java","filePath":"mineproj/src/main/java/mineproj/app/server/repository/SearchInterfaceImpl.java","isDisplay":false}],"entities":{"fileName":"UserAccessDomain.java","filePath":"mineproj/src/main/java/mineproj/app/shared/authentication/UserAccessDomain.java"}}]}#appfire#I#appfire#LA4IF7EAM31HVZ7VFOEC0G#appfire#EFB6696D-A332-4E61-9F38-2A01E4E690FE#appfire#1#appfire#\N#appfire#2015-12-20 03:28:54#appfire#\N#appfire#2015-12-20 03:28:54#appfire#1#appfire#1#appfire#602E71EF-5F63-4795-BAB6-89FEEC864231
424D6AF2-238B-413B-B72A-178CB9C55948#appfire#RegionService#appfire#mineproj.app.server.service.RegionService#appfire#{"resourceMapping":"/Region","defaultMethodType":"","defaultContentType":""}#appfire#{"repository":{"fileName":"RegionService.java","filePath":"mineproj/src/main/java/mineproj/app/server/service/RegionService.java"},"implementInterface":[],"extendsClass":[],"repositories":[{"repository":{"fileName":"RegionRepositoryImpl.java","filePath":"mineproj/src/main/java/mineproj/app/server/repository/RegionRepositoryImpl.java"},"implementInterface":[{"fileName":"RegionRepository.java","filePath":"mineproj/src/main/java/mineproj/app/server/repository/RegionRepository.java"}],"extendsClass":[{"fileName":"SearchInterfaceImpl.java","filePath":"mineproj/src/main/java/mineproj/app/server/repository/SearchInterfaceImpl.java","isDisplay":false}],"entities":{"fileName":"Region.java","filePath":"mineproj/src/main/java/mineproj/app/shared/location/Region.java"}}]}#appfire#I#appfire#LA4IF7EAM31HVZ7VFOEC0G#appfire#EFB6696D-A332-4E61-9F38-2A01E4E690FE#appfire#1#appfire#\N#appfire#2015-12-20 03:28:37#appfire#\N#appfire#2015-12-20 03:28:37#appfire#1#appfire#1#appfire#7F9E47B5-E4EE-48DA-A9C9-5AF968682153
4DC250B9-7DF5-4003-8608-8F3BD618A60A#appfire#RolesService#appfire#mineproj.app.server.service.RolesService#appfire#{"resourceMapping":"/Roles","defaultMethodType":"","defaultContentType":""}#appfire#{"repository":{"fileName":"RolesService.java","filePath":"mineproj/src/main/java/mineproj/app/server/service/RolesService.java"},"implementInterface":[],"extendsClass":[],"repositories":[{"repository":{"fileName":"RolesRepositoryImpl.java","filePath":"mineproj/src/main/java/mineproj/app/server/repository/RolesRepositoryImpl.java"},"implementInterface":[{"fileName":"RolesRepository.java","filePath":"mineproj/src/main/java/mineproj/app/server/repository/RolesRepository.java"}],"extendsClass":[{"fileName":"SearchInterfaceImpl.java","filePath":"mineproj/src/main/java/mineproj/app/server/repository/SearchInterfaceImpl.java","isDisplay":false}],"entities":{"fileName":"Roles.java","filePath":"mineproj/src/main/java/mineproj/app/shared/authorization/Roles.java"}}]}#appfire#I#appfire#LA4IF7EAM31HVZ7VFOEC0G#appfire#EFB6696D-A332-4E61-9F38-2A01E4E690FE#appfire#1#appfire#\N#appfire#2015-12-20 03:29:05#appfire#\N#appfire#2015-12-20 03:29:05#appfire#1#appfire#1#appfire#26DD76BF-A460-468A-AF34-910068240C9E
50473AD3-78C9-41BF-B60A-17F1BFF602BA#appfire#CityService#appfire#mineproj.app.server.service.CityService#appfire#{"resourceMapping":"/City","defaultMethodType":"","defaultContentType":""}#appfire#{"repository":{"fileName":"CityService.java","filePath":"mineproj/src/main/java/mineproj/app/server/service/CityService.java"},"implementInterface":[],"extendsClass":[],"repositories":[{"repository":{"fileName":"CityRepositoryImpl.java","filePath":"mineproj/src/main/java/mineproj/app/server/repository/CityRepositoryImpl.java"},"implementInterface":[{"fileName":"CityRepository.java","filePath":"mineproj/src/main/java/mineproj/app/server/repository/CityRepository.java"}],"extendsClass":[{"fileName":"SearchInterfaceImpl.java","filePath":"mineproj/src/main/java/mineproj/app/server/repository/SearchInterfaceImpl.java","isDisplay":false}],"entities":{"fileName":"City.java","filePath":"mineproj/src/main/java/mineproj/app/shared/location/City.java"}}]}#appfire#I#appfire#LA4IF7EAM31HVZ7VFOEC0G#appfire#EFB6696D-A332-4E61-9F38-2A01E4E690FE#appfire#1#appfire#\N#appfire#2015-12-20 03:28:40#appfire#\N#appfire#2015-12-20 03:28:40#appfire#1#appfire#1#appfire#6E4BB544-373E-47AA-9867-AC5ECE310117
5E959547-1E85-4F96-80AB-022F70CD687A#appfire#AppCustomerTypeService#appfire#mineproj.app.server.service.AppCustomerTypeService#appfire#{"resourceMapping":"/AppCustomerType","defaultMethodType":"","defaultContentType":""}#appfire#{"repository":{"fileName":"AppCustomerTypeService.java","filePath":"mineproj/src/main/java/mineproj/app/server/service/AppCustomerTypeService.java"},"implementInterface":[],"extendsClass":[],"repositories":[{"repository":{"fileName":"AppCustomerTypeRepositoryImpl.java","filePath":"mineproj/src/main/java/mineproj/app/server/repository/AppCustomerTypeRepositoryImpl.java"},"implementInterface":[{"fileName":"AppCustomerTypeRepository.java","filePath":"mineproj/src/main/java/mineproj/app/server/repository/AppCustomerTypeRepository.java"}],"extendsClass":[{"fileName":"SearchInterfaceImpl.java","filePath":"mineproj/src/main/java/mineproj/app/server/repository/SearchInterfaceImpl.java","isDisplay":false}],"entities":{"fileName":"AppCustomerType.java","filePath":"mineproj/src/main/java/mineproj/app/shared/customers/AppCustomerType.java"}}]}#appfire#I#appfire#LA4IF7EAM31HVZ7VFOEC0G#appfire#EFB6696D-A332-4E61-9F38-2A01E4E690FE#appfire#1#appfire#\N#appfire#2015-12-20 03:29:10#appfire#\N#appfire#2015-12-20 03:29:10#appfire#1#appfire#1#appfire#66028184-23CF-4A5C-8C5C-085C5A5A73E6
60F00D17-75ED-41EC-B12A-72D3C4E775E0#appfire#AppCustomerCategoryService#appfire#mineproj.app.server.service.AppCustomerCategoryService#appfire#{"resourceMapping":"/AppCustomerCategory","defaultMethodType":"","defaultContentType":""}#appfire#{"repository":{"fileName":"AppCustomerCategoryService.java","filePath":"mineproj/src/main/java/mineproj/app/server/service/AppCustomerCategoryService.java"},"implementInterface":[],"extendsClass":[],"repositories":[{"repository":{"fileName":"AppCustomerCategoryRepositoryImpl.java","filePath":"mineproj/src/main/java/mineproj/app/server/repository/AppCustomerCategoryRepositoryImpl.java"},"implementInterface":[{"fileName":"AppCustomerCategoryRepository.java","filePath":"mineproj/src/main/java/mineproj/app/server/repository/AppCustomerCategoryRepository.java"}],"extendsClass":[{"fileName":"SearchInterfaceImpl.java","filePath":"mineproj/src/main/java/mineproj/app/server/repository/SearchInterfaceImpl.java","isDisplay":false}],"entities":{"fileName":"AppCustomerCategory.java","filePath":"mineproj/src/main/java/mineproj/app/shared/customers/AppCustomerCategory.java"}}]}#appfire#I#appfire#LA4IF7EAM31HVZ7VFOEC0G#appfire#EFB6696D-A332-4E61-9F38-2A01E4E690FE#appfire#1#appfire#\N#appfire#2015-12-20 03:29:10#appfire#\N#appfire#2015-12-20 03:29:10#appfire#1#appfire#1#appfire#6FF30011-1460-4B9A-B96F-AAE274C22401
690819FF-9332-42C1-A90F-BADAFB7CAAEA#appfire#UserRoleBridgeService#appfire#mineproj.app.server.service.UserRoleBridgeService#appfire#{"resourceMapping":"/UserRoleBridge","defaultMethodType":"","defaultContentType":""}#appfire#{"repository":{"fileName":"UserRoleBridgeService.java","filePath":"mineproj/src/main/java/mineproj/app/server/service/UserRoleBridgeService.java"},"implementInterface":[],"extendsClass":[],"repositories":[{"repository":{"fileName":"UserRoleBridgeRepositoryImpl.java","filePath":"mineproj/src/main/java/mineproj/app/server/repository/UserRoleBridgeRepositoryImpl.java"},"implementInterface":[{"fileName":"UserRoleBridgeRepository.java","filePath":"mineproj/src/main/java/mineproj/app/server/repository/UserRoleBridgeRepository.java"}],"extendsClass":[{"fileName":"SearchInterfaceImpl.java","filePath":"mineproj/src/main/java/mineproj/app/server/repository/SearchInterfaceImpl.java","isDisplay":false}],"entities":{"fileName":"UserRoleBridge.java","filePath":"mineproj/src/main/java/mineproj/app/shared/authorization/UserRoleBridge.java"}}]}#appfire#I#appfire#LA4IF7EAM31HVZ7VFOEC0G#appfire#EFB6696D-A332-4E61-9F38-2A01E4E690FE#appfire#1#appfire#\N#appfire#2015-12-20 03:29:09#appfire#\N#appfire#2015-12-20 03:29:09#appfire#1#appfire#1#appfire#2E793436-D1F5-4F35-B0F0-A8151AE54278
6AD9C4EF-D8AE-4D6B-A242-3F42623DDC8A#appfire#LanguageService#appfire#mineproj.app.server.service.LanguageService#appfire#{"resourceMapping":"/Language","defaultMethodType":"","defaultContentType":""}#appfire#{"repository":{"fileName":"LanguageService.java","filePath":"mineproj/src/main/java/mineproj/app/server/service/LanguageService.java"},"implementInterface":[],"extendsClass":[],"repositories":[{"repository":{"fileName":"LanguageRepositoryImpl.java","filePath":"mineproj/src/main/java/mineproj/app/server/repository/LanguageRepositoryImpl.java"},"implementInterface":[{"fileName":"LanguageRepository.java","filePath":"mineproj/src/main/java/mineproj/app/server/repository/LanguageRepository.java"}],"extendsClass":[{"fileName":"SearchInterfaceImpl.java","filePath":"mineproj/src/main/java/mineproj/app/server/repository/SearchInterfaceImpl.java","isDisplay":false}],"entities":{"fileName":"Language.java","filePath":"mineproj/src/main/java/mineproj/app/shared/location/Language.java"}}]}#appfire#I#appfire#LA4IF7EAM31HVZ7VFOEC0G#appfire#EFB6696D-A332-4E61-9F38-2A01E4E690FE#appfire#1#appfire#\N#appfire#2015-12-20 03:28:35#appfire#\N#appfire#2015-12-20 03:28:35#appfire#1#appfire#1#appfire#E3A38334-196B-45A6-8672-54E6809D2F5A
6F696A1A-C607-454D-9CDE-28A0FAC5DB5B#appfire#DistrictService#appfire#mineproj.app.server.service.DistrictService#appfire#{"resourceMapping":"/District","defaultMethodType":"","defaultContentType":""}#appfire#{"repository":{"fileName":"DistrictService.java","filePath":"mineproj/src/main/java/mineproj/app/server/service/DistrictService.java"},"implementInterface":[],"extendsClass":[],"repositories":[{"repository":{"fileName":"DistrictRepositoryImpl.java","filePath":"mineproj/src/main/java/mineproj/app/server/repository/DistrictRepositoryImpl.java"},"implementInterface":[{"fileName":"DistrictRepository.java","filePath":"mineproj/src/main/java/mineproj/app/server/repository/DistrictRepository.java"}],"extendsClass":[{"fileName":"SearchInterfaceImpl.java","filePath":"mineproj/src/main/java/mineproj/app/server/repository/SearchInterfaceImpl.java","isDisplay":false}],"entities":{"fileName":"District.java","filePath":"mineproj/src/main/java/mineproj/app/shared/location/District.java"}}]}#appfire#I#appfire#LA4IF7EAM31HVZ7VFOEC0G#appfire#EFB6696D-A332-4E61-9F38-2A01E4E690FE#appfire#1#appfire#\N#appfire#2015-12-20 03:28:39#appfire#\N#appfire#2015-12-20 03:28:39#appfire#1#appfire#1#appfire#DB14E52C-929B-4552-8FC8-703185F3FCE6
70CE82E1-4F6F-466C-A282-96759EBEE9CA#appfire#CommunicationGroupService#appfire#mineproj.app.server.service.CommunicationGroupService#appfire#{"resourceMapping":"/CommunicationGroup","defaultMethodType":"","defaultContentType":""}#appfire#{"repository":{"fileName":"CommunicationGroupService.java","filePath":"mineproj/src/main/java/mineproj/app/server/service/CommunicationGroupService.java"},"implementInterface":[],"extendsClass":[],"repositories":[{"repository":{"fileName":"CommunicationGroupRepositoryImpl.java","filePath":"mineproj/src/main/java/mineproj/app/server/repository/CommunicationGroupRepositoryImpl.java"},"implementInterface":[{"fileName":"CommunicationGroupRepository.java","filePath":"mineproj/src/main/java/mineproj/app/server/repository/CommunicationGroupRepository.java"}],"extendsClass":[{"fileName":"SearchInterfaceImpl.java","filePath":"mineproj/src/main/java/mineproj/app/server/repository/SearchInterfaceImpl.java","isDisplay":false}],"entities":{"fileName":"CommunicationGroup.java","filePath":"mineproj/src/main/java/mineproj/app/shared/contacts/CommunicationGroup.java"}}]}#appfire#I#appfire#LA4IF7EAM31HVZ7VFOEC0G#appfire#EFB6696D-A332-4E61-9F38-2A01E4E690FE#appfire#1#appfire#\N#appfire#2015-12-20 03:28:48#appfire#\N#appfire#2015-12-20 03:28:48#appfire#1#appfire#1#appfire#0B525005-93A1-4AE3-82B1-33C5E2DE6188
A3F13150-0DCF-4394-A05B-BC91EEB7FEE8#appfire#CoreContactsService#appfire#mineproj.app.server.service.CoreContactsService#appfire#{"resourceMapping":"/CoreContacts","defaultMethodType":"","defaultContentType":""}#appfire#{"repository":{"fileName":"CoreContactsService.java","filePath":"mineproj/src/main/java/mineproj/app/server/service/CoreContactsService.java"},"implementInterface":[],"extendsClass":[],"repositories":[{"repository":{"fileName":"CoreContactsRepositoryImpl.java","filePath":"mineproj/src/main/java/mineproj/app/server/repository/CoreContactsRepositoryImpl.java"},"implementInterface":[{"fileName":"CoreContactsRepository.java","filePath":"mineproj/src/main/java/mineproj/app/server/repository/CoreContactsRepository.java"}],"extendsClass":[{"fileName":"SearchInterfaceImpl.java","filePath":"mineproj/src/main/java/mineproj/app/server/repository/SearchInterfaceImpl.java","isDisplay":false}],"entities":{"fileName":"CoreContacts.java","filePath":"mineproj/src/main/java/mineproj/app/shared/contacts/CoreContacts.java"}}]}#appfire#I#appfire#LA4IF7EAM31HVZ7VFOEC0G#appfire#EFB6696D-A332-4E61-9F38-2A01E4E690FE#appfire#1#appfire#\N#appfire#2015-12-20 03:28:51#appfire#\N#appfire#2015-12-20 03:28:51#appfire#1#appfire#1#appfire#CDE8EA33-0608-4947-95D4-E3A8E7A5DB6C
AA1C9672-E84D-4A52-BAA3-1C54150BD01D#appfire#QuestionService#appfire#mineproj.app.server.service.QuestionService#appfire#{"resourceMapping":"/Question","defaultMethodType":"","defaultContentType":""}#appfire#{"repository":{"fileName":"QuestionService.java","filePath":"mineproj/src/main/java/mineproj/app/server/service/QuestionService.java"},"implementInterface":[],"extendsClass":[],"repositories":[{"repository":{"fileName":"QuestionRepositoryImpl.java","filePath":"mineproj/src/main/java/mineproj/app/server/repository/QuestionRepositoryImpl.java"},"implementInterface":[{"fileName":"QuestionRepository.java","filePath":"mineproj/src/main/java/mineproj/app/server/repository/QuestionRepository.java"}],"extendsClass":[{"fileName":"SearchInterfaceImpl.java","filePath":"mineproj/src/main/java/mineproj/app/server/repository/SearchInterfaceImpl.java","isDisplay":false}],"entities":{"fileName":"Question.java","filePath":"mineproj/src/main/java/mineproj/app/shared/authentication/Question.java"}}]}#appfire#I#appfire#LA4IF7EAM31HVZ7VFOEC0G#appfire#EFB6696D-A332-4E61-9F38-2A01E4E690FE#appfire#1#appfire#\N#appfire#2015-12-20 03:28:54#appfire#\N#appfire#2015-12-20 03:28:54#appfire#1#appfire#1#appfire#8A112F19-8517-46C8-BF93-17AA31273751
AAECF641-70D1-4488-902B-AD5C01BF08DA#appfire#TalukaService#appfire#mineproj.app.server.service.TalukaService#appfire#{"resourceMapping":"/Taluka","defaultMethodType":"","defaultContentType":""}#appfire#{"repository":{"fileName":"TalukaService.java","filePath":"mineproj/src/main/java/mineproj/app/server/service/TalukaService.java"},"implementInterface":[],"extendsClass":[],"repositories":[{"repository":{"fileName":"TalukaRepositoryImpl.java","filePath":"mineproj/src/main/java/mineproj/app/server/repository/TalukaRepositoryImpl.java"},"implementInterface":[{"fileName":"TalukaRepository.java","filePath":"mineproj/src/main/java/mineproj/app/server/repository/TalukaRepository.java"}],"extendsClass":[{"fileName":"SearchInterfaceImpl.java","filePath":"mineproj/src/main/java/mineproj/app/server/repository/SearchInterfaceImpl.java","isDisplay":false}],"entities":{"fileName":"Taluka.java","filePath":"mineproj/src/main/java/mineproj/app/shared/location/Taluka.java"}}]}#appfire#I#appfire#LA4IF7EAM31HVZ7VFOEC0G#appfire#EFB6696D-A332-4E61-9F38-2A01E4E690FE#appfire#1#appfire#\N#appfire#2015-12-20 03:28:41#appfire#\N#appfire#2015-12-20 03:28:41#appfire#1#appfire#1#appfire#D40939DF-B85B-4384-AC62-BC81D1CD6E2C
ACA38519-9A26-424B-9068-D77DB8E271B9#appfire#UserAccessLevelService#appfire#mineproj.app.server.service.UserAccessLevelService#appfire#{"resourceMapping":"/UserAccessLevel","defaultMethodType":"","defaultContentType":""}#appfire#{"repository":{"fileName":"UserAccessLevelService.java","filePath":"mineproj/src/main/java/mineproj/app/server/service/UserAccessLevelService.java"},"implementInterface":[],"extendsClass":[],"repositories":[{"repository":{"fileName":"UserAccessLevelRepositoryImpl.java","filePath":"mineproj/src/main/java/mineproj/app/server/repository/UserAccessLevelRepositoryImpl.java"},"implementInterface":[{"fileName":"UserAccessLevelRepository.java","filePath":"mineproj/src/main/java/mineproj/app/server/repository/UserAccessLevelRepository.java"}],"extendsClass":[{"fileName":"SearchInterfaceImpl.java","filePath":"mineproj/src/main/java/mineproj/app/server/repository/SearchInterfaceImpl.java","isDisplay":false}],"entities":{"fileName":"UserAccessLevel.java","filePath":"mineproj/src/main/java/mineproj/app/shared/authentication/UserAccessLevel.java"}}]}#appfire#I#appfire#LA4IF7EAM31HVZ7VFOEC0G#appfire#EFB6696D-A332-4E61-9F38-2A01E4E690FE#appfire#1#appfire#\N#appfire#2015-12-20 03:28:54#appfire#\N#appfire#2015-12-20 03:28:54#appfire#1#appfire#1#appfire#8ED38662-8854-4A51-BD36-2FC76BA1CA83
ACCBEFC6-F120-49FE-8F1B-D8CCB97D630D#appfire#StateService#appfire#mineproj.app.server.service.StateService#appfire#{"resourceMapping":"/State","defaultMethodType":"","defaultContentType":""}#appfire#{"repository":{"fileName":"StateService.java","filePath":"mineproj/src/main/java/mineproj/app/server/service/StateService.java"},"implementInterface":[],"extendsClass":[],"repositories":[{"repository":{"fileName":"StateRepositoryImpl.java","filePath":"mineproj/src/main/java/mineproj/app/server/repository/StateRepositoryImpl.java"},"implementInterface":[{"fileName":"StateRepository.java","filePath":"mineproj/src/main/java/mineproj/app/server/repository/StateRepository.java"}],"extendsClass":[{"fileName":"SearchInterfaceImpl.java","filePath":"mineproj/src/main/java/mineproj/app/server/repository/SearchInterfaceImpl.java","isDisplay":false}],"entities":{"fileName":"State.java","filePath":"mineproj/src/main/java/mineproj/app/shared/location/State.java"}}]}#appfire#I#appfire#LA4IF7EAM31HVZ7VFOEC0G#appfire#EFB6696D-A332-4E61-9F38-2A01E4E690FE#appfire#1#appfire#\N#appfire#2015-12-20 03:28:37#appfire#\N#appfire#2015-12-20 03:28:37#appfire#1#appfire#1#appfire#8412DE39-8D27-4F2A-814B-3493205370C6
AD2DB552-6108-4938-9339-29666A1BE88F#appfire#TimezoneService#appfire#mineproj.app.server.service.TimezoneService#appfire#{"resourceMapping":"/Timezone","defaultMethodType":"","defaultContentType":""}#appfire#{"repository":{"fileName":"TimezoneService.java","filePath":"mineproj/src/main/java/mineproj/app/server/service/TimezoneService.java"},"implementInterface":[],"extendsClass":[],"repositories":[{"repository":{"fileName":"TimezoneRepositoryImpl.java","filePath":"mineproj/src/main/java/mineproj/app/server/repository/TimezoneRepositoryImpl.java"},"implementInterface":[{"fileName":"TimezoneRepository.java","filePath":"mineproj/src/main/java/mineproj/app/server/repository/TimezoneRepository.java"}],"extendsClass":[{"fileName":"SearchInterfaceImpl.java","filePath":"mineproj/src/main/java/mineproj/app/server/repository/SearchInterfaceImpl.java","isDisplay":false}],"entities":{"fileName":"Timezone.java","filePath":"mineproj/src/main/java/mineproj/app/shared/location/Timezone.java"}}]}#appfire#I#appfire#LA4IF7EAM31HVZ7VFOEC0G#appfire#EFB6696D-A332-4E61-9F38-2A01E4E690FE#appfire#1#appfire#\N#appfire#2015-12-20 03:28:35#appfire#\N#appfire#2015-12-20 03:28:35#appfire#1#appfire#1#appfire#C1C966CF-8C13-4E33-BC9C-0A242C1E3574
BC5D2F55-9CBA-4CD1-8204-D3A0ED163429#appfire#AppMenusService#appfire#mineproj.app.server.service.AppMenusService#appfire#{"resourceMapping":"/AppMenus","defaultMethodType":"","defaultContentType":""}#appfire#{"repository":{"fileName":"AppMenusService.java","filePath":"mineproj/src/main/java/mineproj/app/server/service/AppMenusService.java"},"implementInterface":[],"extendsClass":[],"repositories":[{"repository":{"fileName":"AppMenusRepositoryImpl.java","filePath":"mineproj/src/main/java/mineproj/app/server/repository/AppMenusRepositoryImpl.java"},"implementInterface":[{"fileName":"AppMenusRepository.java","filePath":"mineproj/src/main/java/mineproj/app/server/repository/AppMenusRepository.java"}],"extendsClass":[{"fileName":"SearchInterfaceImpl.java","filePath":"mineproj/src/main/java/mineproj/app/server/repository/SearchInterfaceImpl.java","isDisplay":false}],"entities":{"fileName":"AppMenus.java","filePath":"mineproj/src/main/java/mineproj/app/shared/authorization/AppMenus.java"}}]}#appfire#I#appfire#LA4IF7EAM31HVZ7VFOEC0G#appfire#EFB6696D-A332-4E61-9F38-2A01E4E690FE#appfire#1#appfire#\N#appfire#2015-12-20 03:29:06#appfire#\N#appfire#2015-12-20 03:29:06#appfire#1#appfire#1#appfire#9E2BF318-E324-4160-A732-2510F8A48DDB
CB52A820-C8E1-419B-A40C-DD4EABE3E381#appfire#TitleService#appfire#mineproj.app.server.service.TitleService#appfire#{"resourceMapping":"/Title","defaultMethodType":"","defaultContentType":""}#appfire#{"repository":{"fileName":"TitleService.java","filePath":"mineproj/src/main/java/mineproj/app/server/service/TitleService.java"},"implementInterface":[],"extendsClass":[],"repositories":[{"repository":{"fileName":"TitleRepositoryImpl.java","filePath":"mineproj/src/main/java/mineproj/app/server/repository/TitleRepositoryImpl.java"},"implementInterface":[{"fileName":"TitleRepository.java","filePath":"mineproj/src/main/java/mineproj/app/server/repository/TitleRepository.java"}],"extendsClass":[{"fileName":"SearchInterfaceImpl.java","filePath":"mineproj/src/main/java/mineproj/app/server/repository/SearchInterfaceImpl.java","isDisplay":false}],"entities":{"fileName":"Title.java","filePath":"mineproj/src/main/java/mineproj/app/shared/contacts/Title.java"}}]}#appfire#I#appfire#LA4IF7EAM31HVZ7VFOEC0G#appfire#EFB6696D-A332-4E61-9F38-2A01E4E690FE#appfire#1#appfire#\N#appfire#2015-12-20 03:28:49#appfire#\N#appfire#2015-12-20 03:28:49#appfire#1#appfire#1#appfire#7576D596-9E94-4700-AC07-27CBF7C6593E
CD6DC4A7-A9EE-4B42-ADA6-18E2C2349F45#appfire#PasswordPolicyService#appfire#mineproj.app.server.service.PasswordPolicyService#appfire#{"resourceMapping":"/PasswordPolicy","defaultMethodType":"","defaultContentType":""}#appfire#{"repository":{"fileName":"PasswordPolicyService.java","filePath":"mineproj/src/main/java/mineproj/app/server/service/PasswordPolicyService.java"},"implementInterface":[],"extendsClass":[],"repositories":[{"repository":{"fileName":"PasswordPolicyRepositoryImpl.java","filePath":"mineproj/src/main/java/mineproj/app/server/repository/PasswordPolicyRepositoryImpl.java"},"implementInterface":[{"fileName":"PasswordPolicyRepository.java","filePath":"mineproj/src/main/java/mineproj/app/server/repository/PasswordPolicyRepository.java"}],"extendsClass":[{"fileName":"SearchInterfaceImpl.java","filePath":"mineproj/src/main/java/mineproj/app/server/repository/SearchInterfaceImpl.java","isDisplay":false}],"entities":{"fileName":"PasswordPolicy.java","filePath":"mineproj/src/main/java/mineproj/app/shared/authentication/PasswordPolicy.java"}}]}#appfire#I#appfire#LA4IF7EAM31HVZ7VFOEC0G#appfire#EFB6696D-A332-4E61-9F38-2A01E4E690FE#appfire#1#appfire#\N#appfire#2015-12-20 03:28:54#appfire#\N#appfire#2015-12-20 03:28:54#appfire#1#appfire#1#appfire#D462BE15-B76A-4541-9F73-EC6B9D78FD72
DA2A7C0A-0273-4521-89B1-397A9E5C2681#appfire#CommunicationTypeService#appfire#mineproj.app.server.service.CommunicationTypeService#appfire#{"resourceMapping":"/CommunicationType","defaultMethodType":"","defaultContentType":""}#appfire#{"repository":{"fileName":"CommunicationTypeService.java","filePath":"mineproj/src/main/java/mineproj/app/server/service/CommunicationTypeService.java"},"implementInterface":[],"extendsClass":[],"repositories":[{"repository":{"fileName":"CommunicationTypeRepositoryImpl.java","filePath":"mineproj/src/main/java/mineproj/app/server/repository/CommunicationTypeRepositoryImpl.java"},"implementInterface":[{"fileName":"CommunicationTypeRepository.java","filePath":"mineproj/src/main/java/mineproj/app/server/repository/CommunicationTypeRepository.java"}],"extendsClass":[{"fileName":"SearchInterfaceImpl.java","filePath":"mineproj/src/main/java/mineproj/app/server/repository/SearchInterfaceImpl.java","isDisplay":false}],"entities":{"fileName":"CommunicationType.java","filePath":"mineproj/src/main/java/mineproj/app/shared/contacts/CommunicationType.java"}}]}#appfire#I#appfire#LA4IF7EAM31HVZ7VFOEC0G#appfire#EFB6696D-A332-4E61-9F38-2A01E4E690FE#appfire#1#appfire#\N#appfire#2015-12-20 03:28:48#appfire#\N#appfire#2015-12-20 03:28:48#appfire#1#appfire#1#appfire#6A8D5C9A-ADE9-43A6-84DE-6B7C2194418E
E161ADEA-3E51-46F2-A564-82DE3E047E72#appfire#AddressTypeService#appfire#mineproj.app.server.service.AddressTypeService#appfire#{"resourceMapping":"/AddressType","defaultMethodType":"","defaultContentType":""}#appfire#{"repository":{"fileName":"AddressTypeService.java","filePath":"mineproj/src/main/java/mineproj/app/server/service/AddressTypeService.java"},"implementInterface":[],"extendsClass":[],"repositories":[{"repository":{"fileName":"AddressTypeRepositoryImpl.java","filePath":"mineproj/src/main/java/mineproj/app/server/repository/AddressTypeRepositoryImpl.java"},"implementInterface":[{"fileName":"AddressTypeRepository.java","filePath":"mineproj/src/main/java/mineproj/app/server/repository/AddressTypeRepository.java"}],"extendsClass":[{"fileName":"SearchInterfaceImpl.java","filePath":"mineproj/src/main/java/mineproj/app/server/repository/SearchInterfaceImpl.java","isDisplay":false}],"entities":{"fileName":"AddressType.java","filePath":"mineproj/src/main/java/mineproj/app/shared/location/AddressType.java"}}]}#appfire#I#appfire#LA4IF7EAM31HVZ7VFOEC0G#appfire#EFB6696D-A332-4E61-9F38-2A01E4E690FE#appfire#1#appfire#\N#appfire#2015-12-20 03:28:44#appfire#\N#appfire#2015-12-20 03:28:44#appfire#1#appfire#1#appfire#709BE2ED-4C33-49D0-9C79-1685A3CC02FD
F796FE2F-AE33-42BC-A970-6334FA19A9B8#appfire#VillageService#appfire#mineproj.app.server.service.VillageService#appfire#{"resourceMapping":"/Village","defaultMethodType":"","defaultContentType":""}#appfire#{"repository":{"fileName":"VillageService.java","filePath":"mineproj/src/main/java/mineproj/app/server/service/VillageService.java"},"implementInterface":[],"extendsClass":[],"repositories":[{"repository":{"fileName":"VillageRepositoryImpl.java","filePath":"mineproj/src/main/java/mineproj/app/server/repository/VillageRepositoryImpl.java"},"implementInterface":[{"fileName":"VillageRepository.java","filePath":"mineproj/src/main/java/mineproj/app/server/repository/VillageRepository.java"}],"extendsClass":[{"fileName":"SearchInterfaceImpl.java","filePath":"mineproj/src/main/java/mineproj/app/server/repository/SearchInterfaceImpl.java","isDisplay":false}],"entities":{"fileName":"Village.java","filePath":"mineproj/src/main/java/mineproj/app/shared/location/Village.java"}}]}#appfire#I#appfire#LA4IF7EAM31HVZ7VFOEC0G#appfire#EFB6696D-A332-4E61-9F38-2A01E4E690FE#appfire#1#appfire#\N#appfire#2015-12-20 03:28:43#appfire#\N#appfire#2015-12-20 03:28:43#appfire#1#appfire#1#appfire#72150E1C-3E9E-4EA1-81FB-98F145826F9E
F9F7E742-BE7B-4B92-AC88-8A609DE74C23#appfire#LoginService#appfire#mineproj.app.server.service.LoginService#appfire#{"resourceMapping":"/Login","defaultMethodType":"","defaultContentType":""}#appfire#{"repository":{"fileName":"LoginService.java","filePath":"mineproj/src/main/java/mineproj/app/server/service/LoginService.java"},"implementInterface":[],"extendsClass":[],"repositories":[{"repository":{"fileName":"LoginRepositoryImpl.java","filePath":"mineproj/src/main/java/mineproj/app/server/repository/LoginRepositoryImpl.java"},"implementInterface":[{"fileName":"LoginRepository.java","filePath":"mineproj/src/main/java/mineproj/app/server/repository/LoginRepository.java"}],"extendsClass":[{"fileName":"SearchInterfaceImpl.java","filePath":"mineproj/src/main/java/mineproj/app/server/repository/SearchInterfaceImpl.java","isDisplay":false}],"entities":{"fileName":"Login.java","filePath":"mineproj/src/main/java/mineproj/app/shared/authentication/Login.java"}}]}#appfire#I#appfire#LA4IF7EAM31HVZ7VFOEC0G#appfire#EFB6696D-A332-4E61-9F38-2A01E4E690FE#appfire#1#appfire#\N#appfire#2015-12-20 03:28:59#appfire#\N#appfire#2015-12-20 03:28:59#appfire#1#appfire#1#appfire#32F29995-52F5-48A0-8C5D-A0843CA8747B
