00DA6A23-307C-4C8C-AC5F-866C5AB400C7#appfire#PasswordPolicyService#appfire#sales.app.server.service.PasswordPolicyService#appfire#{"resourceMapping":"/PasswordPolicy","defaultMethodType":"","defaultContentType":""}#appfire#{"repository":{"fileName":"PasswordPolicyService.java","filePath":"sales/src/main/java/sales/app/server/service/PasswordPolicyService.java"},"implementInterface":[],"extendsClass":[],"repositories":[{"repository":{"fileName":"PasswordPolicyRepositoryImpl.java","filePath":"sales/src/main/java/sales/app/server/repository/PasswordPolicyRepositoryImpl.java"},"implementInterface":[{"fileName":"PasswordPolicyRepository.java","filePath":"sales/src/main/java/sales/app/server/repository/PasswordPolicyRepository.java"}],"extendsClass":[{"fileName":"SearchInterfaceImpl.java","filePath":"sales/src/main/java/sales/app/server/repository/SearchInterfaceImpl.java","isDisplay":false}],"entities":{"fileName":"PasswordPolicy.java","filePath":"sales/src/main/java/sales/app/shared/authentication/PasswordPolicy.java"}}]}#appfire#I#appfire#DDHXMOIAZ0HRX8EYM9RW#appfire#EFB6696D-A332-4E61-9F38-2A01E4E690FE#appfire#1#appfire#\N#appfire#2015-12-20 19:00:32#appfire#\N#appfire#2015-12-20 19:00:32#appfire#1#appfire#1#appfire#0A554C32-3D49-4BA9-B9F1-6D6DF8E2048E
0210B64B-0A56-47A6-8025-3695482DC8B8#appfire#LoginService#appfire#sales.app.server.service.LoginService#appfire#{"resourceMapping":"/Login","defaultMethodType":"","defaultContentType":""}#appfire#{"repository":{"fileName":"LoginService.java","filePath":"sales/src/main/java/sales/app/server/service/LoginService.java"},"implementInterface":[],"extendsClass":[],"repositories":[{"repository":{"fileName":"LoginRepositoryImpl.java","filePath":"sales/src/main/java/sales/app/server/repository/LoginRepositoryImpl.java"},"implementInterface":[{"fileName":"LoginRepository.java","filePath":"sales/src/main/java/sales/app/server/repository/LoginRepository.java"}],"extendsClass":[{"fileName":"SearchInterfaceImpl.java","filePath":"sales/src/main/java/sales/app/server/repository/SearchInterfaceImpl.java","isDisplay":false}],"entities":{"fileName":"Login.java","filePath":"sales/src/main/java/sales/app/shared/authentication/Login.java"}}]}#appfire#I#appfire#DDHXMOIAZ0HRX8EYM9RW#appfire#EFB6696D-A332-4E61-9F38-2A01E4E690FE#appfire#1#appfire#\N#appfire#2015-12-20 19:00:37#appfire#\N#appfire#2015-12-20 19:00:37#appfire#1#appfire#1#appfire#CD025583-D7C4-42EC-8DD7-1456DF2EF0A1
0DBFDB7B-D070-484B-B3BD-13BEF9F205A4#appfire#UserAccessDomainService#appfire#sales.app.server.service.UserAccessDomainService#appfire#{"resourceMapping":"/UserAccessDomain","defaultMethodType":"","defaultContentType":""}#appfire#{"repository":{"fileName":"UserAccessDomainService.java","filePath":"sales/src/main/java/sales/app/server/service/UserAccessDomainService.java"},"implementInterface":[],"extendsClass":[],"repositories":[{"repository":{"fileName":"UserAccessDomainRepositoryImpl.java","filePath":"sales/src/main/java/sales/app/server/repository/UserAccessDomainRepositoryImpl.java"},"implementInterface":[{"fileName":"UserAccessDomainRepository.java","filePath":"sales/src/main/java/sales/app/server/repository/UserAccessDomainRepository.java"}],"extendsClass":[{"fileName":"SearchInterfaceImpl.java","filePath":"sales/src/main/java/sales/app/server/repository/SearchInterfaceImpl.java","isDisplay":false}],"entities":{"fileName":"UserAccessDomain.java","filePath":"sales/src/main/java/sales/app/shared/authentication/UserAccessDomain.java"}}]}#appfire#I#appfire#DDHXMOIAZ0HRX8EYM9RW#appfire#EFB6696D-A332-4E61-9F38-2A01E4E690FE#appfire#1#appfire#\N#appfire#2015-12-20 19:00:33#appfire#\N#appfire#2015-12-20 19:00:33#appfire#1#appfire#1#appfire#778C7EB3-DE82-455A-9CCA-06BB523ADC64
0DDCD618-0789-42F5-A090-A3E864F2E49E#appfire#UserAccessLevelService#appfire#sales.app.server.service.UserAccessLevelService#appfire#{"resourceMapping":"/UserAccessLevel","defaultMethodType":"","defaultContentType":""}#appfire#{"repository":{"fileName":"UserAccessLevelService.java","filePath":"sales/src/main/java/sales/app/server/service/UserAccessLevelService.java"},"implementInterface":[],"extendsClass":[],"repositories":[{"repository":{"fileName":"UserAccessLevelRepositoryImpl.java","filePath":"sales/src/main/java/sales/app/server/repository/UserAccessLevelRepositoryImpl.java"},"implementInterface":[{"fileName":"UserAccessLevelRepository.java","filePath":"sales/src/main/java/sales/app/server/repository/UserAccessLevelRepository.java"}],"extendsClass":[{"fileName":"SearchInterfaceImpl.java","filePath":"sales/src/main/java/sales/app/server/repository/SearchInterfaceImpl.java","isDisplay":false}],"entities":{"fileName":"UserAccessLevel.java","filePath":"sales/src/main/java/sales/app/shared/authentication/UserAccessLevel.java"}}]}#appfire#I#appfire#DDHXMOIAZ0HRX8EYM9RW#appfire#EFB6696D-A332-4E61-9F38-2A01E4E690FE#appfire#1#appfire#\N#appfire#2015-12-20 19:00:33#appfire#\N#appfire#2015-12-20 19:00:33#appfire#1#appfire#1#appfire#73888CF6-2EBD-493B-AF0E-22E5714AB117
19972462-8427-4368-AA16-88EA67C404EA#appfire#TitleService#appfire#sales.app.server.service.TitleService#appfire#{"resourceMapping":"/Title","defaultMethodType":"","defaultContentType":""}#appfire#{"repository":{"fileName":"TitleService.java","filePath":"sales/src/main/java/sales/app/server/service/TitleService.java"},"implementInterface":[],"extendsClass":[],"repositories":[{"repository":{"fileName":"TitleRepositoryImpl.java","filePath":"sales/src/main/java/sales/app/server/repository/TitleRepositoryImpl.java"},"implementInterface":[{"fileName":"TitleRepository.java","filePath":"sales/src/main/java/sales/app/server/repository/TitleRepository.java"}],"extendsClass":[{"fileName":"SearchInterfaceImpl.java","filePath":"sales/src/main/java/sales/app/server/repository/SearchInterfaceImpl.java","isDisplay":false}],"entities":{"fileName":"Title.java","filePath":"sales/src/main/java/sales/app/shared/contacts/Title.java"}}]}#appfire#I#appfire#DDHXMOIAZ0HRX8EYM9RW#appfire#EFB6696D-A332-4E61-9F38-2A01E4E690FE#appfire#1#appfire#\N#appfire#2015-12-20 19:00:27#appfire#\N#appfire#2015-12-20 19:00:27#appfire#1#appfire#1#appfire#90484300-A750-4584-B52F-94D566A1B53A
1CD06172-0F6B-43D8-8BEE-8D35A4EC5CFE#appfire#DistrictService#appfire#sales.app.server.service.DistrictService#appfire#{"resourceMapping":"/District","defaultMethodType":"","defaultContentType":""}#appfire#{"repository":{"fileName":"DistrictService.java","filePath":"sales/src/main/java/sales/app/server/service/DistrictService.java"},"implementInterface":[],"extendsClass":[],"repositories":[{"repository":{"fileName":"DistrictRepositoryImpl.java","filePath":"sales/src/main/java/sales/app/server/repository/DistrictRepositoryImpl.java"},"implementInterface":[{"fileName":"DistrictRepository.java","filePath":"sales/src/main/java/sales/app/server/repository/DistrictRepository.java"}],"extendsClass":[{"fileName":"SearchInterfaceImpl.java","filePath":"sales/src/main/java/sales/app/server/repository/SearchInterfaceImpl.java","isDisplay":false}],"entities":{"fileName":"District.java","filePath":"sales/src/main/java/sales/app/shared/location/District.java"}}]}#appfire#I#appfire#DDHXMOIAZ0HRX8EYM9RW#appfire#EFB6696D-A332-4E61-9F38-2A01E4E690FE#appfire#1#appfire#\N#appfire#2015-12-20 19:00:17#appfire#\N#appfire#2015-12-20 19:00:17#appfire#1#appfire#1#appfire#EFF08808-2F14-4CEB-80E5-99E1911C1E96
2070BA06-4C1A-48CF-B3B0-B1EB2590BA94#appfire#QuestionService#appfire#sales.app.server.service.QuestionService#appfire#{"resourceMapping":"/Question","defaultMethodType":"","defaultContentType":""}#appfire#{"repository":{"fileName":"QuestionService.java","filePath":"sales/src/main/java/sales/app/server/service/QuestionService.java"},"implementInterface":[],"extendsClass":[],"repositories":[{"repository":{"fileName":"QuestionRepositoryImpl.java","filePath":"sales/src/main/java/sales/app/server/repository/QuestionRepositoryImpl.java"},"implementInterface":[{"fileName":"QuestionRepository.java","filePath":"sales/src/main/java/sales/app/server/repository/QuestionRepository.java"}],"extendsClass":[{"fileName":"SearchInterfaceImpl.java","filePath":"sales/src/main/java/sales/app/server/repository/SearchInterfaceImpl.java","isDisplay":false}],"entities":{"fileName":"Question.java","filePath":"sales/src/main/java/sales/app/shared/authentication/Question.java"}}]}#appfire#I#appfire#DDHXMOIAZ0HRX8EYM9RW#appfire#EFB6696D-A332-4E61-9F38-2A01E4E690FE#appfire#1#appfire#\N#appfire#2015-12-20 19:00:32#appfire#\N#appfire#2015-12-20 19:00:32#appfire#1#appfire#1#appfire#D1BB591D-B18F-4203-B14C-1B1CE9B10C83
28109DA3-E712-489B-B7AB-4A24C010CD58#appfire#CurrencyService#appfire#sales.app.server.service.CurrencyService#appfire#{"resourceMapping":"/Currency","defaultMethodType":"","defaultContentType":""}#appfire#{"repository":{"fileName":"CurrencyService.java","filePath":"sales/src/main/java/sales/app/server/service/CurrencyService.java"},"implementInterface":[],"extendsClass":[],"repositories":[{"repository":{"fileName":"CurrencyRepositoryImpl.java","filePath":"sales/src/main/java/sales/app/server/repository/CurrencyRepositoryImpl.java"},"implementInterface":[{"fileName":"CurrencyRepository.java","filePath":"sales/src/main/java/sales/app/server/repository/CurrencyRepository.java"}],"extendsClass":[{"fileName":"SearchInterfaceImpl.java","filePath":"sales/src/main/java/sales/app/server/repository/SearchInterfaceImpl.java","isDisplay":false}],"entities":{"fileName":"Currency.java","filePath":"sales/src/main/java/sales/app/shared/location/Currency.java"}}]}#appfire#I#appfire#DDHXMOIAZ0HRX8EYM9RW#appfire#EFB6696D-A332-4E61-9F38-2A01E4E690FE#appfire#1#appfire#\N#appfire#2015-12-20 19:00:14#appfire#\N#appfire#2015-12-20 19:00:14#appfire#1#appfire#1#appfire#0F061B33-9851-46D9-BAB0-7909B2D484E3
33F4FEE1-7B68-4F82-8646-08810A4E26CB#appfire#AddressTypeService#appfire#sales.app.server.service.AddressTypeService#appfire#{"resourceMapping":"/AddressType","defaultMethodType":"","defaultContentType":""}#appfire#{"repository":{"fileName":"AddressTypeService.java","filePath":"sales/src/main/java/sales/app/server/service/AddressTypeService.java"},"implementInterface":[],"extendsClass":[],"repositories":[{"repository":{"fileName":"AddressTypeRepositoryImpl.java","filePath":"sales/src/main/java/sales/app/server/repository/AddressTypeRepositoryImpl.java"},"implementInterface":[{"fileName":"AddressTypeRepository.java","filePath":"sales/src/main/java/sales/app/server/repository/AddressTypeRepository.java"}],"extendsClass":[{"fileName":"SearchInterfaceImpl.java","filePath":"sales/src/main/java/sales/app/server/repository/SearchInterfaceImpl.java","isDisplay":false}],"entities":{"fileName":"AddressType.java","filePath":"sales/src/main/java/sales/app/shared/location/AddressType.java"}}]}#appfire#I#appfire#DDHXMOIAZ0HRX8EYM9RW#appfire#EFB6696D-A332-4E61-9F38-2A01E4E690FE#appfire#1#appfire#\N#appfire#2015-12-20 19:00:23#appfire#\N#appfire#2015-12-20 19:00:23#appfire#1#appfire#1#appfire#039E0F7A-A48A-4701-A614-7C5717F79D3C
3963A52E-BCF1-46EE-84E4-D4EE4EDED91A#appfire#AppCustomerService#appfire#sales.app.server.service.AppCustomerService#appfire#{"resourceMapping":"/AppCustomer","defaultMethodType":"","defaultContentType":""}#appfire#{"repository":{"fileName":"AppCustomerService.java","filePath":"sales/src/main/java/sales/app/server/service/AppCustomerService.java"},"implementInterface":[],"extendsClass":[],"repositories":[{"repository":{"fileName":"AppCustomerRepositoryImpl.java","filePath":"sales/src/main/java/sales/app/server/repository/AppCustomerRepositoryImpl.java"},"implementInterface":[{"fileName":"AppCustomerRepository.java","filePath":"sales/src/main/java/sales/app/server/repository/AppCustomerRepository.java"}],"extendsClass":[{"fileName":"SearchInterfaceImpl.java","filePath":"sales/src/main/java/sales/app/server/repository/SearchInterfaceImpl.java","isDisplay":false}],"entities":{"fileName":"AppCustomer.java","filePath":"sales/src/main/java/sales/app/shared/customers/AppCustomer.java"}}]}#appfire#I#appfire#DDHXMOIAZ0HRX8EYM9RW#appfire#EFB6696D-A332-4E61-9F38-2A01E4E690FE#appfire#1#appfire#\N#appfire#2015-12-20 19:00:50#appfire#\N#appfire#2015-12-20 19:00:50#appfire#1#appfire#1#appfire#D07088E1-DC00-4E64-8F2A-9193B022BDD4
3B1F99C3-C4E0-47F1-9C03-D5428162173D#appfire#PasswordAlgoService#appfire#sales.app.server.service.PasswordAlgoService#appfire#{"resourceMapping":"/PasswordAlgo","defaultMethodType":"","defaultContentType":""}#appfire#{"repository":{"fileName":"PasswordAlgoService.java","filePath":"sales/src/main/java/sales/app/server/service/PasswordAlgoService.java"},"implementInterface":[],"extendsClass":[],"repositories":[{"repository":{"fileName":"PasswordAlgoRepositoryImpl.java","filePath":"sales/src/main/java/sales/app/server/repository/PasswordAlgoRepositoryImpl.java"},"implementInterface":[{"fileName":"PasswordAlgoRepository.java","filePath":"sales/src/main/java/sales/app/server/repository/PasswordAlgoRepository.java"}],"extendsClass":[{"fileName":"SearchInterfaceImpl.java","filePath":"sales/src/main/java/sales/app/server/repository/SearchInterfaceImpl.java","isDisplay":false}],"entities":{"fileName":"PasswordAlgo.java","filePath":"sales/src/main/java/sales/app/shared/authentication/PasswordAlgo.java"}}]}#appfire#I#appfire#DDHXMOIAZ0HRX8EYM9RW#appfire#EFB6696D-A332-4E61-9F38-2A01E4E690FE#appfire#1#appfire#\N#appfire#2015-12-20 19:00:32#appfire#\N#appfire#2015-12-20 19:00:32#appfire#1#appfire#1#appfire#B48ED437-5609-474F-B78F-F9BA701DDB21
49A0DF0B-CDE7-4622-AEBE-969325461E1A#appfire#VillageService#appfire#sales.app.server.service.VillageService#appfire#{"resourceMapping":"/Village","defaultMethodType":"","defaultContentType":""}#appfire#{"repository":{"fileName":"VillageService.java","filePath":"sales/src/main/java/sales/app/server/service/VillageService.java"},"implementInterface":[],"extendsClass":[],"repositories":[{"repository":{"fileName":"VillageRepositoryImpl.java","filePath":"sales/src/main/java/sales/app/server/repository/VillageRepositoryImpl.java"},"implementInterface":[{"fileName":"VillageRepository.java","filePath":"sales/src/main/java/sales/app/server/repository/VillageRepository.java"}],"extendsClass":[{"fileName":"SearchInterfaceImpl.java","filePath":"sales/src/main/java/sales/app/server/repository/SearchInterfaceImpl.java","isDisplay":false}],"entities":{"fileName":"Village.java","filePath":"sales/src/main/java/sales/app/shared/location/Village.java"}}]}#appfire#I#appfire#DDHXMOIAZ0HRX8EYM9RW#appfire#EFB6696D-A332-4E61-9F38-2A01E4E690FE#appfire#1#appfire#\N#appfire#2015-12-20 19:00:21#appfire#\N#appfire#2015-12-20 19:00:21#appfire#1#appfire#1#appfire#49850E44-1F22-4C34-98A3-725C1E90F5A0
52C459BF-118A-4386-8449-A51BC372F3D8#appfire#UserRoleBridgeService#appfire#sales.app.server.service.UserRoleBridgeService#appfire#{"resourceMapping":"/UserRoleBridge","defaultMethodType":"","defaultContentType":""}#appfire#{"repository":{"fileName":"UserRoleBridgeService.java","filePath":"sales/src/main/java/sales/app/server/service/UserRoleBridgeService.java"},"implementInterface":[],"extendsClass":[],"repositories":[{"repository":{"fileName":"UserRoleBridgeRepositoryImpl.java","filePath":"sales/src/main/java/sales/app/server/repository/UserRoleBridgeRepositoryImpl.java"},"implementInterface":[{"fileName":"UserRoleBridgeRepository.java","filePath":"sales/src/main/java/sales/app/server/repository/UserRoleBridgeRepository.java"}],"extendsClass":[{"fileName":"SearchInterfaceImpl.java","filePath":"sales/src/main/java/sales/app/server/repository/SearchInterfaceImpl.java","isDisplay":false}],"entities":{"fileName":"UserRoleBridge.java","filePath":"sales/src/main/java/sales/app/shared/authorization/UserRoleBridge.java"}}]}#appfire#I#appfire#DDHXMOIAZ0HRX8EYM9RW#appfire#EFB6696D-A332-4E61-9F38-2A01E4E690FE#appfire#1#appfire#\N#appfire#2015-12-20 19:00:47#appfire#\N#appfire#2015-12-20 19:00:47#appfire#1#appfire#1#appfire#F47BCC18-5E22-4FC0-BCEF-9FD602F3E4D9
54374022-ED63-419F-9899-8A55D0B57F1B#appfire#CountryService#appfire#sales.app.server.service.CountryService#appfire#{"resourceMapping":"/Country","defaultMethodType":"","defaultContentType":""}#appfire#{"repository":{"fileName":"CountryService.java","filePath":"sales/src/main/java/sales/app/server/service/CountryService.java"},"implementInterface":[],"extendsClass":[],"repositories":[{"repository":{"fileName":"CountryRepositoryImpl.java","filePath":"sales/src/main/java/sales/app/server/repository/CountryRepositoryImpl.java"},"implementInterface":[{"fileName":"CountryRepository.java","filePath":"sales/src/main/java/sales/app/server/repository/CountryRepository.java"}],"extendsClass":[{"fileName":"SearchInterfaceImpl.java","filePath":"sales/src/main/java/sales/app/server/repository/SearchInterfaceImpl.java","isDisplay":false}],"entities":{"fileName":"Country.java","filePath":"sales/src/main/java/sales/app/shared/location/Country.java"}}]}#appfire#I#appfire#DDHXMOIAZ0HRX8EYM9RW#appfire#EFB6696D-A332-4E61-9F38-2A01E4E690FE#appfire#1#appfire#\N#appfire#2015-12-20 19:00:14#appfire#\N#appfire#2015-12-20 19:00:14#appfire#1#appfire#1#appfire#B3CACE86-B4B3-48EF-945D-33EB19038CC4
56E256E9-1652-4ACF-BDF1-FDD87EA22B7C#appfire#StateService#appfire#sales.app.server.service.StateService#appfire#{"resourceMapping":"/State","defaultMethodType":"","defaultContentType":""}#appfire#{"repository":{"fileName":"StateService.java","filePath":"sales/src/main/java/sales/app/server/service/StateService.java"},"implementInterface":[],"extendsClass":[],"repositories":[{"repository":{"fileName":"StateRepositoryImpl.java","filePath":"sales/src/main/java/sales/app/server/repository/StateRepositoryImpl.java"},"implementInterface":[{"fileName":"StateRepository.java","filePath":"sales/src/main/java/sales/app/server/repository/StateRepository.java"}],"extendsClass":[{"fileName":"SearchInterfaceImpl.java","filePath":"sales/src/main/java/sales/app/server/repository/SearchInterfaceImpl.java","isDisplay":false}],"entities":{"fileName":"State.java","filePath":"sales/src/main/java/sales/app/shared/location/State.java"}}]}#appfire#I#appfire#DDHXMOIAZ0HRX8EYM9RW#appfire#EFB6696D-A332-4E61-9F38-2A01E4E690FE#appfire#1#appfire#\N#appfire#2015-12-20 19:00:15#appfire#\N#appfire#2015-12-20 19:00:15#appfire#1#appfire#1#appfire#E6F0904F-45C0-4B90-B774-05ED85D4B829
70629A8E-E26C-4C58-88E3-39C80466AD67#appfire#GenderService#appfire#sales.app.server.service.GenderService#appfire#{"resourceMapping":"/Gender","defaultMethodType":"","defaultContentType":""}#appfire#{"repository":{"fileName":"GenderService.java","filePath":"sales/src/main/java/sales/app/server/service/GenderService.java"},"implementInterface":[],"extendsClass":[],"repositories":[{"repository":{"fileName":"GenderRepositoryImpl.java","filePath":"sales/src/main/java/sales/app/server/repository/GenderRepositoryImpl.java"},"implementInterface":[{"fileName":"GenderRepository.java","filePath":"sales/src/main/java/sales/app/server/repository/GenderRepository.java"}],"extendsClass":[{"fileName":"SearchInterfaceImpl.java","filePath":"sales/src/main/java/sales/app/server/repository/SearchInterfaceImpl.java","isDisplay":false}],"entities":{"fileName":"Gender.java","filePath":"sales/src/main/java/sales/app/shared/contacts/Gender.java"}}]}#appfire#I#appfire#DDHXMOIAZ0HRX8EYM9RW#appfire#EFB6696D-A332-4E61-9F38-2A01E4E690FE#appfire#1#appfire#\N#appfire#2015-12-20 19:00:27#appfire#\N#appfire#2015-12-20 19:00:27#appfire#1#appfire#1#appfire#8A8E9747-11F9-4E2C-BB1A-57EA63706144
8219CB65-51D4-4670-B603-0150EE8F3C7D#appfire#CoreContactsService#appfire#sales.app.server.service.CoreContactsService#appfire#{"resourceMapping":"/CoreContacts","defaultMethodType":"","defaultContentType":""}#appfire#{"repository":{"fileName":"CoreContactsService.java","filePath":"sales/src/main/java/sales/app/server/service/CoreContactsService.java"},"implementInterface":[],"extendsClass":[],"repositories":[{"repository":{"fileName":"CoreContactsRepositoryImpl.java","filePath":"sales/src/main/java/sales/app/server/repository/CoreContactsRepositoryImpl.java"},"implementInterface":[{"fileName":"CoreContactsRepository.java","filePath":"sales/src/main/java/sales/app/server/repository/CoreContactsRepository.java"}],"extendsClass":[{"fileName":"SearchInterfaceImpl.java","filePath":"sales/src/main/java/sales/app/server/repository/SearchInterfaceImpl.java","isDisplay":false}],"entities":{"fileName":"CoreContacts.java","filePath":"sales/src/main/java/sales/app/shared/contacts/CoreContacts.java"}}]}#appfire#I#appfire#DDHXMOIAZ0HRX8EYM9RW#appfire#EFB6696D-A332-4E61-9F38-2A01E4E690FE#appfire#1#appfire#\N#appfire#2015-12-20 19:00:29#appfire#\N#appfire#2015-12-20 19:00:29#appfire#1#appfire#1#appfire#43C199AA-905E-4503-888F-2CD082299409
8A3D26C4-D55E-42E7-9FD2-29D65C32B311#appfire#LanguageService#appfire#sales.app.server.service.LanguageService#appfire#{"resourceMapping":"/Language","defaultMethodType":"","defaultContentType":""}#appfire#{"repository":{"fileName":"LanguageService.java","filePath":"sales/src/main/java/sales/app/server/service/LanguageService.java"},"implementInterface":[],"extendsClass":[],"repositories":[{"repository":{"fileName":"LanguageRepositoryImpl.java","filePath":"sales/src/main/java/sales/app/server/repository/LanguageRepositoryImpl.java"},"implementInterface":[{"fileName":"LanguageRepository.java","filePath":"sales/src/main/java/sales/app/server/repository/LanguageRepository.java"}],"extendsClass":[{"fileName":"SearchInterfaceImpl.java","filePath":"sales/src/main/java/sales/app/server/repository/SearchInterfaceImpl.java","isDisplay":false}],"entities":{"fileName":"Language.java","filePath":"sales/src/main/java/sales/app/shared/location/Language.java"}}]}#appfire#I#appfire#DDHXMOIAZ0HRX8EYM9RW#appfire#EFB6696D-A332-4E61-9F38-2A01E4E690FE#appfire#1#appfire#\N#appfire#2015-12-20 19:00:13#appfire#\N#appfire#2015-12-20 19:00:13#appfire#1#appfire#1#appfire#1D92FBE0-5BBC-4E47-A0E8-7DE3108655BF
A028FBA6-4430-4475-8922-12949F59C8C3#appfire#ContactTypeService#appfire#sales.app.server.service.ContactTypeService#appfire#{"resourceMapping":"/ContactType","defaultMethodType":"","defaultContentType":""}#appfire#{"repository":{"fileName":"ContactTypeService.java","filePath":"sales/src/main/java/sales/app/server/service/ContactTypeService.java"},"implementInterface":[],"extendsClass":[],"repositories":[{"repository":{"fileName":"ContactTypeRepositoryImpl.java","filePath":"sales/src/main/java/sales/app/server/repository/ContactTypeRepositoryImpl.java"},"implementInterface":[{"fileName":"ContactTypeRepository.java","filePath":"sales/src/main/java/sales/app/server/repository/ContactTypeRepository.java"}],"extendsClass":[{"fileName":"SearchInterfaceImpl.java","filePath":"sales/src/main/java/sales/app/server/repository/SearchInterfaceImpl.java","isDisplay":false}],"entities":{"fileName":"ContactType.java","filePath":"sales/src/main/java/sales/app/shared/contacts/ContactType.java"}}]}#appfire#I#appfire#DDHXMOIAZ0HRX8EYM9RW#appfire#EFB6696D-A332-4E61-9F38-2A01E4E690FE#appfire#1#appfire#\N#appfire#2015-12-20 19:00:26#appfire#\N#appfire#2015-12-20 19:00:26#appfire#1#appfire#1#appfire#D321F65A-A000-4B37-9FCD-B1CB07DD875E
A21E1B45-B52B-4E74-96CD-816AEDC0F933#appfire#RegionService#appfire#sales.app.server.service.RegionService#appfire#{"resourceMapping":"/Region","defaultMethodType":"","defaultContentType":""}#appfire#{"repository":{"fileName":"RegionService.java","filePath":"sales/src/main/java/sales/app/server/service/RegionService.java"},"implementInterface":[],"extendsClass":[],"repositories":[{"repository":{"fileName":"RegionRepositoryImpl.java","filePath":"sales/src/main/java/sales/app/server/repository/RegionRepositoryImpl.java"},"implementInterface":[{"fileName":"RegionRepository.java","filePath":"sales/src/main/java/sales/app/server/repository/RegionRepository.java"}],"extendsClass":[{"fileName":"SearchInterfaceImpl.java","filePath":"sales/src/main/java/sales/app/server/repository/SearchInterfaceImpl.java","isDisplay":false}],"entities":{"fileName":"Region.java","filePath":"sales/src/main/java/sales/app/shared/location/Region.java"}}]}#appfire#I#appfire#DDHXMOIAZ0HRX8EYM9RW#appfire#EFB6696D-A332-4E61-9F38-2A01E4E690FE#appfire#1#appfire#\N#appfire#2015-12-20 19:00:16#appfire#\N#appfire#2015-12-20 19:00:16#appfire#1#appfire#1#appfire#08C1C5B8-C0F2-46D9-B1A5-011D3C24D7CC
A872ABA6-1068-4514-83EA-931BCB02C81D#appfire#RolesService#appfire#sales.app.server.service.RolesService#appfire#{"resourceMapping":"/Roles","defaultMethodType":"","defaultContentType":""}#appfire#{"repository":{"fileName":"RolesService.java","filePath":"sales/src/main/java/sales/app/server/service/RolesService.java"},"implementInterface":[],"extendsClass":[],"repositories":[{"repository":{"fileName":"RolesRepositoryImpl.java","filePath":"sales/src/main/java/sales/app/server/repository/RolesRepositoryImpl.java"},"implementInterface":[{"fileName":"RolesRepository.java","filePath":"sales/src/main/java/sales/app/server/repository/RolesRepository.java"}],"extendsClass":[{"fileName":"SearchInterfaceImpl.java","filePath":"sales/src/main/java/sales/app/server/repository/SearchInterfaceImpl.java","isDisplay":false}],"entities":{"fileName":"Roles.java","filePath":"sales/src/main/java/sales/app/shared/authorization/Roles.java"}}]}#appfire#I#appfire#DDHXMOIAZ0HRX8EYM9RW#appfire#EFB6696D-A332-4E61-9F38-2A01E4E690FE#appfire#1#appfire#\N#appfire#2015-12-20 19:00:44#appfire#\N#appfire#2015-12-20 19:00:44#appfire#1#appfire#1#appfire#06A27CDB-5F88-4515-A3F3-A36F511EB712
B98729CB-6A9D-4070-9998-6A05BBD125E0#appfire#TalukaService#appfire#sales.app.server.service.TalukaService#appfire#{"resourceMapping":"/Taluka","defaultMethodType":"","defaultContentType":""}#appfire#{"repository":{"fileName":"TalukaService.java","filePath":"sales/src/main/java/sales/app/server/service/TalukaService.java"},"implementInterface":[],"extendsClass":[],"repositories":[{"repository":{"fileName":"TalukaRepositoryImpl.java","filePath":"sales/src/main/java/sales/app/server/repository/TalukaRepositoryImpl.java"},"implementInterface":[{"fileName":"TalukaRepository.java","filePath":"sales/src/main/java/sales/app/server/repository/TalukaRepository.java"}],"extendsClass":[{"fileName":"SearchInterfaceImpl.java","filePath":"sales/src/main/java/sales/app/server/repository/SearchInterfaceImpl.java","isDisplay":false}],"entities":{"fileName":"Taluka.java","filePath":"sales/src/main/java/sales/app/shared/location/Taluka.java"}}]}#appfire#I#appfire#DDHXMOIAZ0HRX8EYM9RW#appfire#EFB6696D-A332-4E61-9F38-2A01E4E690FE#appfire#1#appfire#\N#appfire#2015-12-20 19:00:19#appfire#\N#appfire#2015-12-20 19:00:19#appfire#1#appfire#1#appfire#9C7B9987-58C0-4568-9968-351F68CA081E
BC8E90DC-E9CE-41EC-89AD-93E344C6F810#appfire#AddressService#appfire#sales.app.server.service.AddressService#appfire#{"resourceMapping":"/Address","defaultMethodType":"","defaultContentType":""}#appfire#{"repository":{"fileName":"AddressService.java","filePath":"sales/src/main/java/sales/app/server/service/AddressService.java"},"implementInterface":[],"extendsClass":[],"repositories":[{"repository":{"fileName":"AddressRepositoryImpl.java","filePath":"sales/src/main/java/sales/app/server/repository/AddressRepositoryImpl.java"},"implementInterface":[{"fileName":"AddressRepository.java","filePath":"sales/src/main/java/sales/app/server/repository/AddressRepository.java"}],"extendsClass":[{"fileName":"SearchInterfaceImpl.java","filePath":"sales/src/main/java/sales/app/server/repository/SearchInterfaceImpl.java","isDisplay":false}],"entities":{"fileName":"Address.java","filePath":"sales/src/main/java/sales/app/shared/location/Address.java"}}]}#appfire#I#appfire#DDHXMOIAZ0HRX8EYM9RW#appfire#EFB6696D-A332-4E61-9F38-2A01E4E690FE#appfire#1#appfire#\N#appfire#2015-12-20 19:00:24#appfire#\N#appfire#2015-12-20 19:00:24#appfire#1#appfire#1#appfire#775D8320-A6CA-4701-A5D5-1332E1AAF5CB
C5F935D5-E00A-4A53-B29E-7F9E7D384831#appfire#CityService#appfire#sales.app.server.service.CityService#appfire#{"resourceMapping":"/City","defaultMethodType":"","defaultContentType":""}#appfire#{"repository":{"fileName":"CityService.java","filePath":"sales/src/main/java/sales/app/server/service/CityService.java"},"implementInterface":[],"extendsClass":[],"repositories":[{"repository":{"fileName":"CityRepositoryImpl.java","filePath":"sales/src/main/java/sales/app/server/repository/CityRepositoryImpl.java"},"implementInterface":[{"fileName":"CityRepository.java","filePath":"sales/src/main/java/sales/app/server/repository/CityRepository.java"}],"extendsClass":[{"fileName":"SearchInterfaceImpl.java","filePath":"sales/src/main/java/sales/app/server/repository/SearchInterfaceImpl.java","isDisplay":false}],"entities":{"fileName":"City.java","filePath":"sales/src/main/java/sales/app/shared/location/City.java"}}]}#appfire#I#appfire#DDHXMOIAZ0HRX8EYM9RW#appfire#EFB6696D-A332-4E61-9F38-2A01E4E690FE#appfire#1#appfire#\N#appfire#2015-12-20 19:00:18#appfire#\N#appfire#2015-12-20 19:00:18#appfire#1#appfire#1#appfire#3BB8BC17-FBF2-4971-ADF2-9BB3A8EF894D
DBAA28C5-5A9F-4C18-9DA3-9B8F121997A8#appfire#TimezoneService#appfire#sales.app.server.service.TimezoneService#appfire#{"resourceMapping":"/Timezone","defaultMethodType":"","defaultContentType":""}#appfire#{"repository":{"fileName":"TimezoneService.java","filePath":"sales/src/main/java/sales/app/server/service/TimezoneService.java"},"implementInterface":[],"extendsClass":[],"repositories":[{"repository":{"fileName":"TimezoneRepositoryImpl.java","filePath":"sales/src/main/java/sales/app/server/repository/TimezoneRepositoryImpl.java"},"implementInterface":[{"fileName":"TimezoneRepository.java","filePath":"sales/src/main/java/sales/app/server/repository/TimezoneRepository.java"}],"extendsClass":[{"fileName":"SearchInterfaceImpl.java","filePath":"sales/src/main/java/sales/app/server/repository/SearchInterfaceImpl.java","isDisplay":false}],"entities":{"fileName":"Timezone.java","filePath":"sales/src/main/java/sales/app/shared/location/Timezone.java"}}]}#appfire#I#appfire#DDHXMOIAZ0HRX8EYM9RW#appfire#EFB6696D-A332-4E61-9F38-2A01E4E690FE#appfire#1#appfire#\N#appfire#2015-12-20 19:00:13#appfire#\N#appfire#2015-12-20 19:00:13#appfire#1#appfire#1#appfire#36842454-9CF9-48F6-95EF-AE144CC6456A
EB6CA411-4BC0-4D13-9B91-56E2F2EC662B#appfire#AppCustomerCategoryService#appfire#sales.app.server.service.AppCustomerCategoryService#appfire#{"resourceMapping":"/AppCustomerCategory","defaultMethodType":"","defaultContentType":""}#appfire#{"repository":{"fileName":"AppCustomerCategoryService.java","filePath":"sales/src/main/java/sales/app/server/service/AppCustomerCategoryService.java"},"implementInterface":[],"extendsClass":[],"repositories":[{"repository":{"fileName":"AppCustomerCategoryRepositoryImpl.java","filePath":"sales/src/main/java/sales/app/server/repository/AppCustomerCategoryRepositoryImpl.java"},"implementInterface":[{"fileName":"AppCustomerCategoryRepository.java","filePath":"sales/src/main/java/sales/app/server/repository/AppCustomerCategoryRepository.java"}],"extendsClass":[{"fileName":"SearchInterfaceImpl.java","filePath":"sales/src/main/java/sales/app/server/repository/SearchInterfaceImpl.java","isDisplay":false}],"entities":{"fileName":"AppCustomerCategory.java","filePath":"sales/src/main/java/sales/app/shared/customers/AppCustomerCategory.java"}}]}#appfire#I#appfire#DDHXMOIAZ0HRX8EYM9RW#appfire#EFB6696D-A332-4E61-9F38-2A01E4E690FE#appfire#1#appfire#\N#appfire#2015-12-20 19:00:49#appfire#\N#appfire#2015-12-20 19:00:49#appfire#1#appfire#1#appfire#50E16ACD-F868-418D-BBD7-6E9E5A7535A4
EE4238C2-5B1F-49E6-97E7-86F08BBDBDD8#appfire#AppMenusService#appfire#sales.app.server.service.AppMenusService#appfire#{"resourceMapping":"/AppMenus","defaultMethodType":"","defaultContentType":""}#appfire#{"repository":{"fileName":"AppMenusService.java","filePath":"sales/src/main/java/sales/app/server/service/AppMenusService.java"},"implementInterface":[],"extendsClass":[],"repositories":[{"repository":{"fileName":"AppMenusRepositoryImpl.java","filePath":"sales/src/main/java/sales/app/server/repository/AppMenusRepositoryImpl.java"},"implementInterface":[{"fileName":"AppMenusRepository.java","filePath":"sales/src/main/java/sales/app/server/repository/AppMenusRepository.java"}],"extendsClass":[{"fileName":"SearchInterfaceImpl.java","filePath":"sales/src/main/java/sales/app/server/repository/SearchInterfaceImpl.java","isDisplay":false}],"entities":{"fileName":"AppMenus.java","filePath":"sales/src/main/java/sales/app/shared/authorization/AppMenus.java"}}]}#appfire#I#appfire#DDHXMOIAZ0HRX8EYM9RW#appfire#EFB6696D-A332-4E61-9F38-2A01E4E690FE#appfire#1#appfire#\N#appfire#2015-12-20 19:00:44#appfire#\N#appfire#2015-12-20 19:00:44#appfire#1#appfire#1#appfire#2834045D-1416-4323-9924-3BF386048D69
FB2E0FD8-D0F7-46B7-96C9-ED6977672E4E#appfire#AppCustomerTypeService#appfire#sales.app.server.service.AppCustomerTypeService#appfire#{"resourceMapping":"/AppCustomerType","defaultMethodType":"","defaultContentType":""}#appfire#{"repository":{"fileName":"AppCustomerTypeService.java","filePath":"sales/src/main/java/sales/app/server/service/AppCustomerTypeService.java"},"implementInterface":[],"extendsClass":[],"repositories":[{"repository":{"fileName":"AppCustomerTypeRepositoryImpl.java","filePath":"sales/src/main/java/sales/app/server/repository/AppCustomerTypeRepositoryImpl.java"},"implementInterface":[{"fileName":"AppCustomerTypeRepository.java","filePath":"sales/src/main/java/sales/app/server/repository/AppCustomerTypeRepository.java"}],"extendsClass":[{"fileName":"SearchInterfaceImpl.java","filePath":"sales/src/main/java/sales/app/server/repository/SearchInterfaceImpl.java","isDisplay":false}],"entities":{"fileName":"AppCustomerType.java","filePath":"sales/src/main/java/sales/app/shared/customers/AppCustomerType.java"}}]}#appfire#I#appfire#DDHXMOIAZ0HRX8EYM9RW#appfire#EFB6696D-A332-4E61-9F38-2A01E4E690FE#appfire#1#appfire#\N#appfire#2015-12-20 19:00:48#appfire#\N#appfire#2015-12-20 19:00:48#appfire#1#appfire#1#appfire#23EE7F33-9FDD-452C-BD60-C7366608DA93
FD68C7FC-74A5-46FD-84FA-42B70CED32D5#appfire#CommunicationGroupService#appfire#sales.app.server.service.CommunicationGroupService#appfire#{"resourceMapping":"/CommunicationGroup","defaultMethodType":"","defaultContentType":""}#appfire#{"repository":{"fileName":"CommunicationGroupService.java","filePath":"sales/src/main/java/sales/app/server/service/CommunicationGroupService.java"},"implementInterface":[],"extendsClass":[],"repositories":[{"repository":{"fileName":"CommunicationGroupRepositoryImpl.java","filePath":"sales/src/main/java/sales/app/server/repository/CommunicationGroupRepositoryImpl.java"},"implementInterface":[{"fileName":"CommunicationGroupRepository.java","filePath":"sales/src/main/java/sales/app/server/repository/CommunicationGroupRepository.java"}],"extendsClass":[{"fileName":"SearchInterfaceImpl.java","filePath":"sales/src/main/java/sales/app/server/repository/SearchInterfaceImpl.java","isDisplay":false}],"entities":{"fileName":"CommunicationGroup.java","filePath":"sales/src/main/java/sales/app/shared/contacts/CommunicationGroup.java"}}]}#appfire#I#appfire#DDHXMOIAZ0HRX8EYM9RW#appfire#EFB6696D-A332-4E61-9F38-2A01E4E690FE#appfire#1#appfire#\N#appfire#2015-12-20 19:00:26#appfire#\N#appfire#2015-12-20 19:00:26#appfire#1#appfire#1#appfire#9EE51641-1658-4705-935C-0D63BF2DCA1B
FE27725A-51B8-41F1-89F1-F23BFAD9A54C#appfire#CommunicationTypeService#appfire#sales.app.server.service.CommunicationTypeService#appfire#{"resourceMapping":"/CommunicationType","defaultMethodType":"","defaultContentType":""}#appfire#{"repository":{"fileName":"CommunicationTypeService.java","filePath":"sales/src/main/java/sales/app/server/service/CommunicationTypeService.java"},"implementInterface":[],"extendsClass":[],"repositories":[{"repository":{"fileName":"CommunicationTypeRepositoryImpl.java","filePath":"sales/src/main/java/sales/app/server/repository/CommunicationTypeRepositoryImpl.java"},"implementInterface":[{"fileName":"CommunicationTypeRepository.java","filePath":"sales/src/main/java/sales/app/server/repository/CommunicationTypeRepository.java"}],"extendsClass":[{"fileName":"SearchInterfaceImpl.java","filePath":"sales/src/main/java/sales/app/server/repository/SearchInterfaceImpl.java","isDisplay":false}],"entities":{"fileName":"CommunicationType.java","filePath":"sales/src/main/java/sales/app/shared/contacts/CommunicationType.java"}}]}#appfire#I#appfire#DDHXMOIAZ0HRX8EYM9RW#appfire#EFB6696D-A332-4E61-9F38-2A01E4E690FE#appfire#1#appfire#\N#appfire#2015-12-20 19:00:27#appfire#\N#appfire#2015-12-20 19:00:27#appfire#1#appfire#1#appfire#3904CB1C-09D8-493D-8FA4-03EE50FF7BBD
